{"H_PPM":{"28":0.788,"35":0.851,"19":0.941,"29":0.948,"11":1.01,"30":1.064,"38":1.068,"10":1.08,"20":1.122,"37":1.136,"25":1.167,"18":1.174,"3":1.278,"9":1.372,"12":1.501,"8":1.524,"41":1.531,"1":1.618,"7":1.777,"2":1.881,"14":1.89,"0":2.108,"23":2.199,"39":2.223,"5":2.236,"13":2.256,"6":2.281,"4":2.36,"16":2.413,"27":2.664,"17":2.666,"21":2.92,"15":3.039,"40":3.228,"31":3.444,"33":3.512,"24":3.659,"22":4.073,"34":4.158,"36":4.402,"26":4.746,"32":4.836},"C_PPM":{"28":10.91,"35":22.102,"19":6.731,"29":9.039,"11":17.685,"30":21.416,"38":29.805,"10":14.683,"20":18.419,"37":20.992,"25":27.42,"18":18.456,"3":41.911,"9":20.859,"12":34.629,"8":34.772,"41":42.106,"1":30.046,"7":20.902,"2":26.149,"14":41.624,"0":68.747,"23":35.724,"39":40.315,"5":34.569,"13":34.745,"6":34.621,"4":68.74,"16":64.8,"27":44.741,"17":61.456,"21":77.381,"15":70.603,"40":48.94,"31":74.953,"33":82.781,"24":66.986,"22":64.721,"34":77.38,"36":102.202,"26":76.362,"32":94.525},"Intensity":{"28":1205040.3300000001,"35":1693325.22,"19":811559.46,"29":1246686.1599999999,"11":402976.58,"30":1342677.21,"38":-122136.5,"10":402238.26,"20":820064.37,"37":1996006.8500000001,"25":917586.6800000001,"18":782005.6899999999,"3":-275568.9,"9":-337481.91,"12":-442970.89,"8":-335046.1,"41":-136374.75,"1":-219649.31,"7":-305025.22,"2":269838.55,"14":571121.37,"0":-195187.09,"23":890708.8,"39":2809087.0,"5":-286489.88,"13":-519261.82,"6":-293950.23,"4":-283652.62,"16":707287.47,"27":1066080.8200000001,"17":758748.28,"21":837173.27,"15":591925.23,"40":1766947.1200000001,"31":1376301.21,"33":1558650.4399999999,"24":905620.65,"22":860102.3100000001,"34":1624677.47,"36":1818444.1899999999,"26":1049932.8999999999,"32":1456090.8600000001},"Identity":{"28":"HND_Azithromycin","35":"HND_Azithromycin","19":"HND_Azithromycin","29":"HND_Azithromycin","11":"HND_Azithromycin","30":"HND_Azithromycin","38":"HND_Azithromycin","10":"HND_Azithromycin","20":"HND_Azithromycin","37":"HND_Azithromycin","25":"HND_Azithromycin","18":"HND_Azithromycin","3":"HND_Azithromycin","9":"HND_Azithromycin","12":"HND_Azithromycin","8":"HND_Azithromycin","41":"HND_Azithromycin","1":"HND_Azithromycin","7":"HND_Azithromycin","2":"HND_Azithromycin","14":"HND_Azithromycin","0":"HND_Azithromycin","23":"HND_Azithromycin","39":"HND_Azithromycin","5":"HND_Azithromycin","13":"HND_Azithromycin","6":"HND_Azithromycin","4":"HND_Azithromycin","16":"HND_Azithromycin","27":"HND_Azithromycin","17":"HND_Azithromycin","21":"HND_Azithromycin","15":"HND_Azithromycin","40":"HND_Azithromycin","31":"HND_Azithromycin","33":"HND_Azithromycin","24":"HND_Azithromycin","22":"HND_Azithromycin","34":"HND_Azithromycin","36":"HND_Azithromycin","26":"HND_Azithromycin","32":"HND_Azithromycin"}}